{"maxObjectNumber": 12, "objects": [{"name": "sphere1", "orientation": [0.0, 0.0, 0.0], "translation": [2.875107526779175, 5.6487932205200195, 1.0], "color": [102, 224, 255, 255], "type": "SPHERE", "size": 1.0}, {"name": "box6", "orientation": [0.0, 0.0, 0.0], "translation": [7.803089618682861, 9.531731605529785, 1.0], "color": [102, 224, 255, 255], "type": "BOX", "size": [1.0, 1.0, 1.0]}, {"name": "box7", "orientation": [0.0, 0.0, 0.0], "translation": [9.735281944274902, 5.165692329406738, 1.0], "color": [102, 224, 255, 255], "type": "BOX", "size": [1.0, 1.0, 10.0]}, {"name": "box10", "orientation": [0.0, 0.0, 0.0], "translation": [7.725355625152588, 1.8978089094161987, 1.0], "color": [102, 224, 255, 255], "type": "BOX", "size": [1.0, 10.0, 1.0]}]}